name,description,category,min_max_version,max_max_version,inlets,outlets,is_ui_object,is_deprecated,recommended_alternative
jit.matrix,Jitterマトリックスデータ構造を作成・処理。行列形式でビデオ・画像データを保持し操作する,jitter/data,5.0,8.5,2,2,FALSE,FALSE,NULL
live.gain~,オーディオゲインコントロールとメーター。垂直または水平スライダーとレベルメーターを表示,audio/ui,6.0,8.5,2,2,TRUE,FALSE,NULL
metro,一定の間隔でバンを出力。ミリ秒単位でタイミング指定可能,timing,4.0,8.5,2,1,FALSE,FALSE,NULL
cycle~,サイン波発生器。周波数とオフセット調整可能,audio/gen,4.0,8.5,2,1,FALSE,FALSE,NULL
buffer~,オーディオサンプルをRAMに保存。読み書きや波形表示が可能,audio/buffer,4.0,8.5,1,0,FALSE,FALSE,NULL
gain~,オーディオシグナルのゲイン調整。複数チャンネル対応,audio,4.0,8.5,2,1,FALSE,FALSE,live.gain~
pan~,オーディオシグナルのパンニング。ステレオフィールド上で配置,audio,4.0,8.5,2,2,FALSE,FALSE,NULL
delay~,オーディオシグナルの遅延。ミリ秒単位で調整可能,audio/delay,4.0,8.5,2,1,FALSE,FALSE,NULL
jit.gl.render,OpenGLレンダリングコンテキストを提供。3Dグラフィックス用,jitter/gl,5.0,8.5,1,1,FALSE,FALSE,NULL
dict,ディクショナリデータ構造。キーと値のペアを保存,data,6.0,8.5,1,1,FALSE,FALSE,NULL
coll,コレクションデータ構造。インデックス付きデータを保存,data,4.0,8.5,1,1,FALSE,FALSE,dict
counter,数値カウンターに加算・減算。上限・下限・方向を設定可能,math,4.0,8.5,4,3,FALSE,FALSE,NULL
zl,リスト処理ユーティリティ。様々なリスト操作が可能,list,4.0,8.5,2,2,FALSE,FALSE,NULL
sprintf,フォーマット文字列に基づいてテキスト生成,text,4.0,8.5,9,1,FALSE,FALSE,NULL
scale,入力値を指定範囲から別の範囲にスケーリング,math,4.0,8.5,5,1,FALSE,FALSE,NULL
route,入力メッセージをタイプごとに振り分け,control,4.0,8.5,2,2,FALSE,FALSE,NULL
select,指定値と一致する入力値を検出,control,4.0,8.5,2,2,FALSE,FALSE,NULL
pack,複数の値を単一メッセージにまとめる,control,4.0,8.5,9,1,FALSE,FALSE,NULL
unpack,複合メッセージを個別の要素に分解,control,4.0,8.5,1,9,FALSE,FALSE,NULL
line~,指定時間内で値をリニア変化させるオーディオレートシグナル,audio/control,4.0,8.5,2,1,FALSE,FALSE,NULL
line,指定時間内で値をリニア変化させる制御レートシグナル,control,4.0,8.5,2,1,FALSE,FALSE,NULL
patcher,サブパッチャー。階層的なパッチ構造を作成,ui,4.0,8.5,9,9,TRUE,FALSE,NULL
poly~,ポリフォニック音声処理。複数インスタンスの同時処理,audio,5.0,8.5,1,1,FALSE,FALSE,NULL
gen~,サンプルレベルのDSP処理。カスタムオーディオアルゴリズム用,audio/gen,6.0,8.5,1,1,FALSE,FALSE,NULL
jit.op,マトリックス要素に対する演算操作。ピクセル単位の計算,jitter/math,5.0,8.5,2,1,FALSE,FALSE,NULL
jit.window,マトリックスデータの表示ウィンドウ,jitter/ui,5.0,8.5,1,1,TRUE,FALSE,NULL
jit.gen,GPUベースのシェーダー処理。カスタムビジュアル効果用,jitter/gen,6.0,8.5,1,1,FALSE,FALSE,NULL
umenu,ドロップダウンメニュー。選択肢リストから項目を選択,ui,4.0,8.5,1,1,TRUE,FALSE,NULL
live.dial,円形ダイヤル。パラメータ値の調整と表示,ui,6.0,8.5,1,2,TRUE,FALSE,NULL
live.text,テキスト表示ボタン。カスタマイズ可能なテキスト表示,ui,6.0,8.5,1,1,TRUE,FALSE,NULL
live.tab,タブセレクター。複数のタブから選択,ui,6.0,8.5,1,1,TRUE,FALSE,NULL
multislider,複数値のスライダー。グラフィカルな値の配列を表示・編集,ui,4.0,8.5,1,1,TRUE,FALSE,NULL
kslider,鍵盤インターフェース。MIDIノート入力や表示,ui/midi,4.0,8.5,1,2,TRUE,FALSE,NULL
mc.pack~,複数のシグナルをマルチチャンネル信号にまとめる,audio/mc,7.0,8.5,16,1,FALSE,FALSE,NULL
mc.unpack~,マルチチャンネル信号を個別のシグナルに分解,audio/mc,7.0,8.5,1,16,FALSE,FALSE,NULL
mc.mixdown~,マルチチャンネル信号をステレオにダウンミックス,audio/mc,7.0,8.5,1,2,FALSE,FALSE,NULL
bach.roll,音符を時間軸上に配置する拡張音楽記譜インターフェース,bach/notation,4.0,8.5,1,6,TRUE,FALSE,NULL
fluid.dataset~,機械学習のデータセット管理,ml.lib/data,8.0,8.5,1,2,FALSE,FALSE,NULL
fluid.mlpregressor~,多層パーセプトロンによる回帰モデル,ml.lib/ml,8.0,8.5,1,2,FALSE,FALSE,NULL
jit.mgraphics,2D描画コンテキスト。ベクターグラフィックスの作成,jitter/graphics,6.0,8.5,1,1,FALSE,FALSE,NULL
min.hello-world,Post to the Max Console。基本的なメッセージ表示のサンプル,min/utilities,7.0,8.5,1,1,FALSE,FALSE,NULL
min.beat.pattern,Generate patterns for sequencing。リズムパターン生成,min/timing,7.0,8.5,1,1,FALSE,FALSE,NULL
min.dict.join,Join dictionaries together。辞書オブジェクトの結合,min/dict,7.0,8.5,2,1,FALSE,FALSE,NULL
min.buffer.loop~,Loop through a buffer with variable speed。バッファ再生,min/audio,7.0,8.5,1,1,FALSE,FALSE,NULL
min.edge~,Detect signal transitions from non-zero to zero。エッジ検出,min/audio,7.0,8.5,1,1,FALSE,FALSE,NULL
min.jit.stencil,Apply stencil operations to Jitter matrices。マトリックス操作,min/jitter,7.0,8.5,1,1,FALSE,FALSE,NULL
mxj,Java言語でのMaxオブジェクト実装。Javaクラスをロード,java,4.5,8.5,9,9,FALSE,FALSE,NULL
js,JavaScript言語でのMaxオブジェクト実装。JSコードを実行,javascript,4.5,8.5,9,9,FALSE,FALSE,NULL
node.script,Node.js言語でのMaxオブジェクト実装。Node.jsを実行,nodejs,7.0,8.5,9,9,FALSE,FALSE,NULL
vst~,VSTプラグインをロード。オーディオエフェクト処理,audio/plugins,5.0,8.5,1,2,FALSE,FALSE,NULL
plugout~,オーディオをDAWへルーティング。ReWireプロトコル対応,audio/rewire,5.0,8.5,8,0,FALSE,TRUE,NULL
adc~,オーディオ入力。コンピュータの入力ソースからの音声取得,audio/io,4.0,8.5,1,16,FALSE,FALSE,NULL
dac~,オーディオ出力。コンピュータの出力デバイスへの音声送信,audio/io,4.0,8.5,16,0,FALSE,FALSE,NULL
patch~,別パッチをDSPチェーンに組み込み。モジュラーな音声処理,audio/patching,6.0,8.5,8,8,FALSE,FALSE,NULL
pfft~,FFTベースの処理。周波数領域での操作,audio/spectral,5.0,8.5,1,1,FALSE,FALSE,NULL
groove~,バッファのグラニュラー再生。可変速ループと再生位置制御,audio/sample,4.0,8.5,2,2,FALSE,FALSE,NULL
playlist~,オーディオファイルプレイリスト。複数ファイルの自動再生,audio/playback,5.0,8.5,1,2,FALSE,FALSE,NULL
snowfall~,物理モデリングノイズ生成器。自然な雪の降る音,audio/gen,6.5,8.5,1,1,FALSE,FALSE,NULL
saw~,鋸波オシレーター。豊かな倍音を持つ波形生成,audio/gen,4.0,8.5,2,1,FALSE,FALSE,NULL
tri~,三角波オシレーター。奇数倍音のみの波形生成,audio/gen,4.0,8.5,2,1,FALSE,FALSE,NULL
rect~,矩形波オシレーター。可変デューティ比のパルス波形,audio/gen,4.0,8.5,2,1,FALSE,FALSE,NULL
noise~,ノイズジェネレータ。ホワイトノイズ生成,audio/gen,4.0,8.5,1,1,FALSE,FALSE,NULL
adsr~,ADSR（アタック/ディケイ/サステイン/リリース）エンベロープ。波形整形,audio/envelope,5.0,8.5,6,1,FALSE,FALSE,NULL
biquad~,バイクワッドフィルター。汎用的な2次フィルター実装,audio/filter,4.0,8.5,2,1,FALSE,FALSE,NULL
lores~,ローパスレゾナントフィルター。カットオフと共鳴の制御,audio/filter,4.0,8.5,3,1,FALSE,FALSE,NULL
svf~,ステートバリアブルフィルター。複数フィルタータイプ,audio/filter,5.0,8.5,5,4,FALSE,FALSE,NULL
zerox~,ゼロクロッシング検出。信号の過渡検出,audio/analysis,4.0,8.5,1,1,FALSE,FALSE,NULL
fft~,高速フーリエ変換。時間領域から周波数領域への変換,audio/spectral,4.0,8.5,1,3,FALSE,FALSE,NULL
ifft~,逆高速フーリエ変換。周波数領域から時間領域への変換,audio/spectral,4.0,8.5,3,1,FALSE,FALSE,NULL
spectroscope~,スペクトラムアナライザー。周波数成分の視覚化,audio/spectral,4.0,8.5,1,0,TRUE,FALSE,NULL
jit.clip,ピクセル値のクリッピング。値の範囲を制限,jitter/processing,5.0,8.5,1,1,FALSE,FALSE,NULL
jit.chromakey,クロマキー合成。色に基づいた透明度処理,jitter/keying,5.0,8.5,2,1,FALSE,FALSE,NULL
jit.dimmap,マトリックス次元のマッピング。次元の入れ替えや結合,jitter/dimension,5.0,8.5,1,1,FALSE,FALSE,NULL
jit.gl.handle,3D空間での操作ハンドル。回転・移動・拡大縮小の操作,jitter/gl/ui,5.0,8.5,1,1,TRUE,FALSE,NULL
jit.gl.camera,OpenGLカメラ設定。視点と投影の制御,jitter/gl,5.0,8.5,1,1,FALSE,FALSE,NULL
jit.gl.light,OpenGLライティング。3D空間の照明設定,jitter/gl,5.0,8.5,1,1,FALSE,FALSE,NULL
jit.gl.model,3Dモデルローダー。OBJやFBXなどの3Dモデル読み込み,jitter/gl/import,6.0,8.5,1,1,FALSE,FALSE,NULL
jit.gl.text2d,2Dテキスト描画。OpenGLコンテキスト内にテキスト表示,jitter/gl/text,5.0,8.5,1,1,FALSE,FALSE,NULL
jit.gl.text3d,3Dテキスト描画。空間内に立体テキスト表示,jitter/gl/text,5.0,8.5,1,1,FALSE,FALSE,NULL
jit.phys.body,物理シミュレーション用のボディ。剛体物理演算,jitter/physics,6.0,8.5,1,2,FALSE,FALSE,NULL
jit.phys.world,物理シミュレーション世界。物理演算環境,jitter/physics,6.0,8.5,1,1,FALSE,FALSE,NULL
jit.lcd,2D描画サーフェス。ベクターグラフィックス描画,jitter/graphics,5.0,8.5,1,1,FALSE,TRUE,jit.mgraphics
jit.rota,マトリックスの回転とスケーリング。画像変換,jitter/transform,5.0,8.5,1,1,FALSE,FALSE,NULL
jit.bfg,ブルーム・フラクタル・グラディエント生成。抽象的なパターン作成,jitter/gen,5.0,8.5,1,1,FALSE,FALSE,NULL
jit.xfade,マトリックスクロスフェード。2つの入力間でブレンド,jitter/mixing,5.0,8.5,2,1,FALSE,FALSE,NULL
jit.freenect.grab,Kinectセンサー入力。深度とRGBカメラ取得,jitter/input,6.0,8.5,1,2,FALSE,FALSE,NULL
jit.desktop,画面キャプチャ。デスクトップ画面の取得,jitter/input,5.0,8.5,1,1,FALSE,FALSE,NULL
jit.noise,ノイズパターン生成。様々な種類のビジュアルノイズ,jitter/gen,5.0,8.5,1,1,FALSE,FALSE,NULL
jit.catch~,オーディオシグナルからJitterマトリックス生成。波形可視化,jitter/audio,5.0,8.5,1,1,FALSE,FALSE,NULL
jit.record,ビデオ録画。マトリックスからムービーファイル保存,jitter/file/output,5.0,8.5,1,1,FALSE,FALSE,NULL
jit.print,マトリックス内容のプリント。デバッグ用,jitter/utilities,5.0,8.5,1,0,FALSE,FALSE,NULL
jit.cellblock,スプレッドシート表示。2D数値データの表示と編集,jitter/ui,5.0,8.5,1,1,TRUE,FALSE,NULL
jit.gl.sketch,対話的3D描画インターフェース。直感的な3D作図,jitter/gl/drawing,5.0,8.5,1,1,TRUE,FALSE,NULL
jit.gl.gridshape,プリミティブ3D形状。基本的な3Dオブジェクト生成,jitter/gl/shape,5.0,8.5,1,1,FALSE,FALSE,NULL
jit.gl.mesh,カスタム3Dメッシュ。高度な3Dジオメトリ,jitter/gl/shape,5.0,8.5,1,1,FALSE,FALSE,NULL
jit.gl.shader,GLSLシェーダープログラム。カスタムレンダリングエフェクト,jitter/gl/shading,5.5,8.5,1,1,FALSE,FALSE,NULL
jit.gl.multiple,複数インスタンス描画。同じジオメトリの効率的な複製,jitter/gl/instancing,6.0,8.5,1,1,FALSE,FALSE,NULL
jit.gl.spout,Spoutテクスチャ共有。アプリケーション間のGPUテクスチャ転送,jitter/gl/interop,7.0,8.5,1,1,FALSE,FALSE,NULL
bpatcher,パッチャー内にサブパッチを埋め込み。モジュラーなUI,ui/patching,4.0,8.5,0,0,TRUE,FALSE,NULL
preset,パラメータプリセット管理。状態保存と呼び出し,control/state,4.0,8.5,2,2,FALSE,FALSE,pattrstorage
autopattr,自動属性接続。パラメータの自動収集と管理,control/state,5.0,8.5,1,0,FALSE,FALSE,NULL
pattrstorage,パラメータストレージ。完全なパッチ状態の保存と呼び出し,control/state,5.0,8.5,1,1,FALSE,FALSE,NULL
pictslider,画像付きスライダー。カスタム外観のスライダーUI,ui,4.0,8.5,2,2,TRUE,FALSE,NULL
pictctrl,画像付きボタン。カスタム外観のボタンUI,ui,4.0,8.5,1,1,TRUE,FALSE,NULL
radiogroup,ラジオボタングループ。排他的選択UI,ui,4.0,8.5,1,1,TRUE,FALSE,NULL
matrixctrl,マトリックスコントローラー。格子状の値編集インターフェース,ui,4.0,8.5,1,1,TRUE,FALSE,NULL
lcd,低レベル描画コンテキスト。カスタムグラフィックス,ui/drawing,4.0,8.5,1,1,TRUE,TRUE,jit.mgraphics
fpic,画像表示。静的イメージの表示,ui,4.0,8.5,1,0,TRUE,FALSE,jit.pwindow
detonate,ピアノロールエディタ。MIDIノートの視覚的編集,ui/midi,4.0,8.5,1,1,TRUE,FALSE,NULL
amxd~,Ableton Live用のMax for Liveデバイス。Liveとの統合,audio/max4live,5.0,8.5,16,16,FALSE,FALSE,NULL
live.object,Live APIアクセス。Abletonオブジェクトへのアクセス,max4live,6.0,8.5,1,1,FALSE,FALSE,NULL
live.path,Live APIパス指定。Live APIオブジェクトの検索,max4live,6.0,8.5,1,1,FALSE,FALSE,NULL
tab,タブ付きテキスト表示。複数ページのテキスト,ui/text,4.0,8.5,1,2,TRUE,FALSE,NULL
textedit,テキスト編集フィールド。複数行テキスト入力,ui/text,4.0,8.5,1,1,TRUE,FALSE,NULL
comment,コメント表示。パッチ内の注釈,ui/text,4.0,8.5,0,0,TRUE,FALSE,NULL
jit.gl.slab,GPUシェーダーパイプラインステージ。マルチパスシェーダー処理,jitter/gl/shader,6.0,8.5,9,2,FALSE,FALSE,NULL
jit.world,Jitterウィンドウ管理。レンダーコンテキスト作成,jitter/context,5.0,8.5,1,1,FALSE,FALSE,NULL
vz.mapper,vizzie用マッピングインターフェース。インタラクティブマッピング,vizzie,6.0,8.5,3,3,TRUE,FALSE,NULL
vz.viewr,vizzieビデオビューア。ビデオプレビュー表示,vizzie,6.0,8.5,1,0,TRUE,FALSE,NULL
scope~,オシロスコープ。オーディオ波形の視覚化,audio/ui,4.0,8.5,2,0,TRUE,FALSE,NULL
meter~,オーディオレベルメーター。シグナルレベルの視覚化,audio/ui,4.0,8.5,1,1,TRUE,FALSE,NULL
spectroscope~,スペクトラムアナライザー。周波数分析表示,audio/ui,4.0,8.5,1,0,TRUE,FALSE,NULL
number~,オーディオレート数値表示。シグナル値のモニタリング,audio/ui,4.0,8.5,1,1,TRUE,FALSE,NULL
playlist,ファイルプレイリスト管理。複数ファイルの再生制御,file/playback,5.0,8.5,1,2,FALSE,FALSE,NULL
folder,フォルダ内容のリスト化。ディレクトリ内ファイル一覧,file/utilities,4.0,8.5,1,1,FALSE,FALSE,NULL
filewatch,ファイル変更監視。ファイルシステムイベント検出,file/utilities,6.0,8.5,1,1,FALSE,FALSE,NULL
dropfile,ファイルドロップ受付。ドラッグ&ドロップファイル入力,file/utilities,4.0,8.5,1,1,FALSE,FALSE,NULL
jweb,ウェブブラウザ。HTMLコンテンツ表示,network/web,5.0,8.5,1,1,TRUE,FALSE,NULL
mxj.JitterGuiAdapter,Javaベース視覚化インターフェース。カスタムGUI用,java/ui,5.0,8.5,1,1,TRUE,FALSE,NULL
jit.openexr,OpenEXRファイル入出力。高ダイナミックレンジ画像処理,jitter/file,6.0,8.5,1,1,FALSE,FALSE,NULL
jit.gl.pix,ピクセルシェーダー処理。画素単位のエフェクト,jitter/gl/shader,6.0,8.5,2,1,FALSE,FALSE,NULL
bach.score,複雑な音楽記譜用インターフェース。詳細な楽譜表示と編集,bach/notation,6.0,8.5,1,3,TRUE,FALSE,NULL
mubu.track,多次元データ記録と表示。ジェスチャーや音響特徴の記録,mubu/data,6.0,8.5,1,1,FALSE,FALSE,NULL
sadam.rapidmax,高速機械学習モデル作成。ジェスチャー認識とマッピング,ml,7.0,8.5,1,1,FALSE,FALSE,NULL
o.display,OSCメッセージ表示。OpenSoundControlデータの可視化,osc/ui,6.0,8.5,1,0,TRUE,FALSE,NULL
fluid.kmeans~,k-meansクラスタリングアルゴリズム。教師なし学習,ml.lib/ml,8.0,8.5,1,2,FALSE,FALSE,NULL
fluid.bufnmf~,非負値行列因子分解。音源分離,ml.lib/ml,8.0,8.5,1,3,FALSE,FALSE,NULL
fluid.mfcc~,メル周波数ケプストラム係数抽出。音声特徴量抽出,ml.lib/analysis,8.0,8.5,1,2,FALSE,FALSE,NULL
karma~,ライブ再合成エンジン。マシン学習ベースのリアルタイム再合成,ml/synthesis,7.0,8.5,3,2,FALSE,FALSE,NULL
spat.pan~,空間オーディオパンニング。3D空間上の音源配置,spat/3d,6.0,8.5,3,8,FALSE,FALSE,NULL
jit.mo.time,モーションデータの時間操作。ジェスチャーや動きのタイミング制御,jitter/motion,7.0,8.5,1,1,FALSE,FALSE,NULL
min.threadcheck,スレッド状態確認。処理スレッドのチェック,min/utilities,7.0,8.5,1,1,FALSE,FALSE,NULL
min.meter~,オーディオレベルメーター。シグナルレベルの可視化,min/audio/ui,7.0,8.5,1,0,TRUE,FALSE,NULL
min.textslider,テキスト付きスライダー。カスタマイズ可能なUIコントロール,min/ui,7.0,8.5,1,1,TRUE,FALSE,NULL
min.environment,環境情報取得。システム・パッチ・環境変数の取得,min/utilities,7.0,8.5,1,1,FALSE,FALSE,NULL
min.sift~,シグナルフィルタリング。特定条件の信号抽出,min/audio,7.0,8.5,2,1,FALSE,FALSE,NULL
min.prefs,ユーザー環境設定アクセス。設定の保存と取得,min/utilities,7.0,8.5,1,1,FALSE,FALSE,NULL
min.convolve,畳み込み演算。1次元データの畳み込み処理,min/math,7.0,8.5,2,1,FALSE,FALSE,NULL
min.beat.random,ランダムビートパターン生成。確率的リズム生成,min/timing,7.0,8.5,1,1,FALSE,FALSE,NULL
gen,GenExprコードの実行。MIDIレート計算,gen/math,6.0,8.5,1,1,FALSE,FALSE,NULL
codebox,コードエディタボックス。GenExpr・JS編集,gen/coding,6.0,8.5,1,1,TRUE,FALSE,NULL
mc.receive~,マルチチャンネルワイヤレス受信。複数チャンネルのワイヤレス接続,audio/mc,7.0,8.5,1,1,FALSE,FALSE,NULL
mc.send~,マルチチャンネルワイヤレス送信。複数チャンネルのワイヤレス接続,audio/mc,7.0,8.5,1,0,FALSE,FALSE,NULL
mc.rotate~,マルチチャンネル回転ミキサー。チャンネル間の循環的ミキシング,audio/mc,7.0,8.5,1,1,FALSE,FALSE,NULL
pong~,信号値の範囲制限。バウンドするクリッピングエフェクト,audio/utility,4.0,8.5,1,1,FALSE,FALSE,NULL
matrix~,信号ルーティングマトリックス。複雑なシグナルルーティング,audio/routing,5.0,8.5,2,2,FALSE,FALSE,NULL
reson~,レゾナントバンドパスフィルター。ピークタイプのフィルター,audio/filter,4.0,8.5,3,1,FALSE,FALSE,NULL
omx.peaklim~,ピークリミッター。オーディオピークの制限,audio/dynamics,5.0,8.5,1,1,FALSE,FALSE,NULL
omx.comp~,コンプレッサー。ダイナミックレンジ圧縮,audio/dynamics,5.0,8.5,2,1,FALSE,FALSE,NULL
moogvcf~,Moog風バーチャルアナログフィルター。ローパスフィルター,audio/filter,4.0,8.5,3,1,FALSE,FALSE,NULL
tapin~,オーディオタップインディレイ。遅延バッファへの入力,audio/delay,4.0,8.5,1,0,FALSE,FALSE,NULL
tapout~,オーディオタップアウトディレイ。遅延バッファからの出力,audio/delay,4.0,8.5,1,1,FALSE,FALSE,NULL
freeverb~,自由に使えるリバーブ。室内空間シミュレーション,audio/effects,5.0,8.5,1,2,FALSE,FALSE,NULL
jg.granulator~,グラニュラー合成。サウンドテクスチャ生成,audio/granular,6.0,8.5,3,1,FALSE,FALSE,NULL
retune~,リアルタイムピッチ補正。ボーカル用オートチューン,audio/pitch,6.0,8.5,2,2,FALSE,FALSE,NULL
buffir~,FFTベースのFIRフィルター。インパルス応答によるフィルタリング,audio/filter,6.0,8.5,2,1,FALSE,FALSE,NULL
bitxor~,ビット単位のXOR演算。デジタルディストーション効果,audio/bitwise,4.0,8.5,2,1,FALSE,FALSE,NULL
vst~,VSTプラグインホスト。VSTエフェクトとインストゥルメントをロード,audio/plugins,5.0,8.5,2,2,FALSE,FALSE,NULL
count~,オーディオレートカウンター。サンプル単位のインデックスカウント,audio/counting,4.0,8.5,2,1,FALSE,FALSE,NULL
downsamp~,ダウンサンプリング。サンプルレート変換,audio/conversion,4.0,8.5,1,1,FALSE,FALSE,NULL
upsamp~,アップサンプリング。サンプルレート変換,audio/conversion,4.0,8.5,1,1,FALSE,FALSE,NULL
normalize~,オーディオ正規化。レベル自動調整,audio/dynamics,5.0,8.5,1,1,FALSE,FALSE,NULL
gate~,ノイズゲート。しきい値以下の信号を抑制,audio/dynamics,4.0,8.5,2,1,FALSE,FALSE,NULL
thresh~,閾値検出。しきい値を超える信号を検出,audio/utility,4.0,8.5,2,1,FALSE,FALSE,NULL
click~,クリック信号生成。衝撃波形の生成,audio/gen,4.0,8.5,1,1,FALSE,FALSE,NULL
dripwater~,水滴音生成。物理モデリングによる水滴音合成,audio/physical,5.0,8.5,1,1,FALSE,FALSE,NULL
teeth~,歯型波形生成。非線形波形発生器,audio/gen,5.0,8.5,2,1,FALSE,FALSE,NULL
cascade~,縦続フィルター。複数フィルターの連結,audio/filter,4.0,8.5,1,1,FALSE,FALSE,NULL
teeth~,歯型波形生成。非線形波形発生器,audio/gen,5.0,8.5,2,1,FALSE,FALSE,NULL
degrade~,ビット深度・サンプルレート低減。ローファイエフェクト,audio/effects,4.0,8.5,3,1,FALSE,FALSE,NULL
limi~,リミッター。ハードクリッピング制限,audio/dynamics,4.0,8.5,1,1,FALSE,FALSE,NULL
cartopol~,直交座標から極座標への変換。複素数処理,audio/conversion,4.0,8.5,2,2,FALSE,FALSE,NULL
poltocar~,極座標から直交座標への変換。複素数処理,audio/conversion,4.0,8.5,2,2,FALSE,FALSE,NULL
overdrive~,オーバードライブディストーション。信号の非線形歪み,audio/distortion,4.0,8.5,1,1,FALSE,FALSE,NULL
phaseshift~,位相シフター。信号の位相調整,audio/phase,4.0,8.5,2,1,FALSE,FALSE,NULL
record~,オーディオ録音。バッファにオーディオを記録,audio/record,4.0,8.5,2,0,FALSE,FALSE,NULL
length~,バッファの長さを計算。サンプル数の取得,audio/buffer,4.0,8.5,1,1,FALSE,FALSE,NULL
info~,バッファ情報の表示。サンプルレートやチャンネル数の取得,audio/buffer,4.0,8.5,1,1,FALSE,FALSE,NULL
avg~,シグナル平均化。移動平均フィルター,audio/filter,4.0,8.5,1,1,FALSE,FALSE,NULL
clip~,ハードクリッピング。信号値の範囲制限,audio/utility,4.0,8.5,3,1,FALSE,FALSE,NULL
jit.anim.node,アニメーションノード。時間軸上のアニメーション制御,jitter/animation,6.0,8.5,1,1,FALSE,FALSE,NULL
jit.anim.drive,アニメーション駆動。アニメーションパラメータコントロール,jitter/animation,6.0,8.5,1,1,FALSE,FALSE,NULL
jit.gl.graph,グラフィカルディスプレイ。数値データの視覚化,jitter/gl/visualization,6.0,8.5,1,1,FALSE,FALSE,NULL
jit.gl.nurbs,NURBSサーフェス生成。滑らかな曲面の表現,jitter/gl/shape,6.0,8.5,1,1,FALSE,FALSE,NULL
jit.gl.path,3Dパス描画。曲線や線の描画,jitter/gl/drawing,6.0,8.5,1,1,FALSE,FALSE,NULL
jit.gl.material,OpenGLマテリアル設定。サーフェスの光学特性定義,jitter/gl/render,5.0,8.5,1,1,FALSE,FALSE,NULL
jit.gl.texture3d,3Dテクスチャオブジェクト。ボリュームデータのテクスチャマッピング,jitter/gl/texture,6.5,8.5,1,1,FALSE,FALSE,NULL
jit.gl.volume,3Dボリュームレンダリング。ボリュームデータの可視化,jitter/gl/render,6.5,8.5,1,1,FALSE,FALSE,NULL
jit.gl.isosurf,等値面抽出。ボリュームデータからメッシュ生成,jitter/gl/visualization,6.0,8.5,1,1,FALSE,FALSE,NULL
jit.gl.node,シーングラフノード。階層的なトランスフォーム管理,jitter/gl/scene,6.0,8.5,1,1,FALSE,FALSE,NULL
jit.gl.terrain,地形生成。高さマップからの3D地形メッシュ,jitter/gl/terrain,6.0,8.5,1,1,FALSE,FALSE,NULL
jit.gl.currentcontext,現在のコンテキスト取得。OpenGLコンテキスト情報,jitter/gl/context,5.0,8.5,1,1,FALSE,FALSE,NULL
jit.gl.shader.bindless,現代的なシェーダー構造。最新GPUのシェーダー機能活用,jitter/gl/shader,8.0,8.5,1,1,FALSE,FALSE,NULL
jit.gl.compute,GPGPU計算。汎用計算シェーダーの利用,jitter/gl/compute,7.0,8.5,1,1,FALSE,FALSE,NULL
jit.gl.asyncread,非同期GPUデータ読み取り。パフォーマンス向上,jitter/gl/data,6.5,8.5,1,1,FALSE,FALSE,NULL
jit.gl.shadow,シャドウマッピング。リアルな影の生成,jitter/gl/lighting,5.5,8.5,1,1,FALSE,FALSE,NULL
jit.gl.skybox,スカイボックス。環境キューブマップの表示,jitter/gl/environment,6.0,8.5,1,1,FALSE,FALSE,NULL
jit.gl.glsl,GLSLシェーダープログラム。OpenGLシェーディング言語のサポート,jitter/gl/shader,5.0,8.5,1,1,FALSE,FALSE,jit.gl.shader
jit.gl.presenter,プレゼンテーションウィンドウ。フルスクリーンディスプレイ,jitter/gl/ui,5.0,8.5,1,0,FALSE,FALSE,NULL
jit.gl.lua,Luaスクリプティング統合。GPUプログラミング用スクリプト言語,jitter/gl/scripting,6.0,8.5,1,1,FALSE,FALSE,NULL
grid,グリッドレイアウトマネージャー。UI要素の整列配置,layout,6.0,8.5,1,1,FALSE,FALSE,NULL
tab,タブインターフェース。複数ページの切り替え表示,ui,4.0,8.5,1,1,TRUE,FALSE,NULL
hslider,水平スライダー。数値入力用UI,ui,4.0,8.5,1,1,TRUE,FALSE,NULL
vslider,垂直スライダー。数値入力用UI,ui,4.0,8.5,1,1,TRUE,FALSE,NULL
ubutton,不可視ボタン。エリアクリック検出,ui,4.0,8.5,1,1,TRUE,FALSE,NULL
panel,背景パネル。UIのグループ化や視覚的区分,ui,4.0,8.5,1,0,TRUE,FALSE,NULL
live.slider,ライブスタイルスライダー。現代的外観のスライダーUI,ui,6.0,8.5,1,1,TRUE,FALSE,NULL
live.button,ライブスタイルボタン。現代的外観のボタンUI,ui,6.0,8.5,1,1,TRUE,FALSE,NULL
live.numbox,ライブスタイル数値入力。現代的外観の数値入力フィールド,ui,6.0,8.5,1,1,TRUE,FALSE,NULL
live.menu,ライブスタイルメニュー。現代的外観のドロップダウンメニュー,ui,6.0,8.5,1,1,TRUE,FALSE,NULL
live.grid,ライブスタイルグリッド。現代的外観のマトリックスUI,ui,6.0,8.5,1,1,TRUE,FALSE,NULL
live.toggle,ライブスタイルトグル。現代的外観のオン/オフスイッチ,ui,6.0,8.5,1,1,TRUE,FALSE,NULL
live.remote~,Live APIとのオーディオ連携。LiveパラメータとDSPの同期,max4live,6.0,8.5,1,1,FALSE,FALSE,NULL
live.grid,ステップシーケンサーグリッド。ライブスタイルのシーケンシングインターフェース,ui/sequencing,6.0,8.5,1,1,TRUE,FALSE,NULL
live.remote,Liveパラメータ遠隔制御。Liveパラメータへのアクセスとマッピング,max4live,6.0,8.5,2,1,FALSE,FALSE,NULL
live.path,Liveオブジェクトパス指定。LiveオブジェクトAPIパス,max4live,6.0,8.5,1,1,FALSE,FALSE,NULL
mira.multitouch,Miraタッチイベント受信。モバイルアプリとの連携用タッチインターフェース,mira/ui,6.5,8.5,1,1,FALSE,FALSE,NULL
mira.frame,Mira表示枠。モバイルアプリに表示するUIの枠組み,mira/ui,6.5,8.5,1,0,TRUE,FALSE,NULL
mira.motion,Miraモーションセンサー。モバイルデバイスのセンサーデータ取得,mira/sensors,6.5,8.5,1,5,FALSE,FALSE,NULL
udpreceive,UDPデータ受信。ネットワーク通信用受信オブジェクト,network/udp,4.0,8.5,1,1,FALSE,FALSE,NULL
udpsend,UDPデータ送信。ネットワーク通信用送信オブジェクト,network/udp,4.0,8.5,2,0,FALSE,FALSE,NULL
tcp,TCPソケット通信。低レイテンシーストリーミング通信,network/tcp,4.0,8.5,2,2,FALSE,FALSE,NULL
http,HTTPリクエスト送信。ウェブAPIアクセス,network/web,6.0,8.5,1,1,FALSE,FALSE,NULL
midiout,MIDI出力。MIDIデバイスへの送信,midi/io,4.0,8.5,1,0,FALSE,FALSE,NULL
midiin,MIDI入力。MIDIデバイスからの受信,midi/io,4.0,8.5,1,1,FALSE,FALSE,NULL
makenote,MIDIノート生成。指定時間後にnoteoffを送信,midi/utilities,4.0,8.5,3,2,FALSE,FALSE,NULL
noteout,MIDIノート送信。ノート番号と速度に基づく送信,midi/io,4.0,8.5,3,0,FALSE,FALSE,NULL
stripnote,MIDIノートオフフィルタリング。noteoffメッセージの除去,midi/utilities,4.0,8.5,2,2,FALSE,FALSE,NULL
midiformat,MIDIメッセージフォーマット。バイトデータへの変換,midi/conversion,4.0,8.5,3,1,FALSE,FALSE,NULL
midiparse,MIDIメッセージ解析。バイトデータからメッセージ抽出,midi/conversion,4.0,8.5,1,4,FALSE,FALSE,NULL
nrpnout,NRPNメッセージ送信。非登録パラメータ番号送信,midi/control,4.0,8.5,3,0,FALSE,FALSE,NULL
transport,トランスポートコントロール。再生・停止・テンポ管理,timing/transport,4.0,8.5,1,6,FALSE,FALSE,NULL
translate,座標系変換。異なる座標空間間の変換,math/coord,4.0,8.5,1,1,FALSE,FALSE,NULL
zmap,数値マッピング。範囲間のリニア変換,math/mapping,4.0,8.5,5,1,FALSE,FALSE,NULL
minimum,最小値検出。複数入力から最小値を出力,math/comparison,4.0,8.5,9,1,FALSE,FALSE,NULL
maximum,最大値検出。複数入力から最大値を出力,math/comparison,4.0,8.5,9,1,FALSE,FALSE,NULL
scale,値のリニアスケーリング。入力範囲を出力範囲に変換,math/mapping,4.0,8.5,5,1,FALSE,FALSE,NULL
split,数値範囲分割。範囲内外の振り分け,math/comparison,4.0,8.5,3,2,FALSE,FALSE,NULL
accum,累積加算。増分値の積算,math/counting,4.0,8.5,2,1,FALSE,FALSE,NULL
modifiers,キーボードモディファイア検出。Shift・Alt・Controlキー状態,ui/keyboard,4.0,8.5,1,1,FALSE,FALSE,NULL
key,キーボード入力検出。キー押下検出,ui/keyboard,4.0,8.5,1,1,FALSE,FALSE,NULL
mousestate,マウス状態取得。座標とボタン状態の取得,ui/mouse,4.0,8.5,1,3,FALSE,FALSE,NULL
hid,HIDデバイス入力。ゲームコントローラー等の入力デバイス,ui/hardware,5.0,8.5,1,2,FALSE,FALSE,NULL
serial,シリアルポート通信。Arduino等との通信,hardware/serial,4.0,8.5,1,1,FALSE,FALSE,NULL
regexp,正規表現検索。パターンマッチと抽出,text/regex,5.0,8.5,2,5,FALSE,FALSE,NULL
sprintf,フォーマット文字列生成。テンプレートテキスト生成,text/formatting,4.0,8.5,9,1,FALSE,FALSE,NULL
tosymbol,シンボル変換。データをシンボル型に変換,conversion,4.0,8.5,1,1,FALSE,FALSE,NULL
fromsymbol,シンボル分解。シンボルをデータに変換,conversion,4.0,8.5,1,1,FALSE,FALSE,NULL
itoa,整数を文字列に変換。数値の文字列表現,conversion,4.0,8.5,1,1,FALSE,FALSE,NULL
atoi,文字列を整数に変換。文字列の数値解析,conversion,4.0,8.5,1,1,FALSE,FALSE,NULL
seq,MIDIシーケンサー。ノートシーケンスの記録と再生,midi/sequencing,4.0,8.5,1,2,FALSE,FALSE,NULL
qlist,コマンドシーケンス実行。時間付きメッセージ列の再生,sequencing,4.0,8.5,1,2,FALSE,FALSE,NULL
funbuff,関数バッファ。キーと値のペアを保存,data,4.0,8.5,2,2,FALSE,FALSE,NULL
table,配列データ保存。インデックス付きの数値配列,data,4.0,8.5,2,2,FALSE,FALSE,NULL
jit.repos,マトリックス要素の並べ替え。データ構造の再配置,jitter/structure,5.0,8.5,1,1,FALSE,FALSE,NULL
jit.matrix+,マトリックス加算。行列要素同士の加算,jitter/math,5.0,8.5,2,1,FALSE,FALSE,NULL
jit.matrix-,マトリックス減算。行列要素同士の減算,jitter/math,5.0,8.5,2,1,FALSE,FALSE,NULL
jit.matrixinfo,マトリックス情報取得。次元やプレーン数の照会,jitter/info,5.0,8.5,1,1,FALSE,FALSE,NULL
jit.submatrix,部分マトリックス抽出。マトリックスのサブセット取得,jitter/structure,5.0,8.5,1,1,FALSE,FALSE,NULL
jit.wake,渦巻きパターン生成。流体力学的な渦パターン,jitter/gen,5.0,8.5,1,1,FALSE,FALSE,NULL
jit.slide,値の滑らかな変化。マトリックス要素の遷移を平滑化,jitter/filter,5.0,8.5,1,1,FALSE,FALSE,NULL
jit.fluoride,偽似流体力学。流体シミュレーション風のエフェクト,jitter/physics,5.0,8.5,1,1,FALSE,FALSE,NULL
jit.conway,セルオートマトン。ライフゲームの実装,jitter/cellular,5.0,8.5,1,1,FALSE,FALSE,NULL
jit.histogram,ヒストグラム作成。値の分布可視化,jitter/analysis,5.0,8.5,1,1,FALSE,FALSE,NULL
jit.gradient,グラデーション生成。色や値の滑らかな変化,jitter/gen,5.0,8.5,1,1,FALSE,FALSE,NULL
jit.scissors,マトリックス分割。画像やデータの分割処理,jitter/structure,5.0,8.5,1,4,FALSE,FALSE,NULL
jit.turtle,タートルグラフィックス。LSystemパターン描画,jitter/graphics,5.0,8.5,1,1,FALSE,FALSE,NULL
jit.poke~,オーディオレートでマトリックス書き込み。リアルタイムデータ操作,jitter/audio,5.0,8.5,3,0,FALSE,FALSE,NULL
jit.peek~,オーディオレートでマトリックス読み込み。リアルタイムデータ参照,jitter/audio,5.0,8.5,2,1,FALSE,FALSE,NULL
jit.expr,式ベースマトリックス処理。数式によるマトリックス要素計算,jitter/math,5.0,8.5,1,1,FALSE,FALSE,NULL
jit.hatch,ハッチングパターン生成。線描パターン生成,jitter/gen,5.0,8.5,1,1,FALSE,FALSE,NULL
jit.pack,プレーン結合。複数のマトリックスをプレーン結合,jitter/structure,5.0,8.5,4,1,FALSE,FALSE,NULL
jit.unpack,プレーン分離。複数プレーンを個別マトリックスに分離,jitter/structure,5.0,8.5,1,4,FALSE,FALSE,NULL
jit.qball,3Dトラックボール。3D回転コントロール,jitter/ui,5.0,8.5,1,1,TRUE,FALSE,NULL
jit.rubix,ルービックキューブ。3Dパズルシミュレーション,jitter/gl/example,5.0,8.5,1,1,FALSE,FALSE,NULL
jit.gl.cube,立方体。3D立方体オブジェクト,jitter/gl/shape,5.0,8.5,1,1,FALSE,FALSE,NULL
jit.gl.sphere,球体。3D球体オブジェクト,jitter/gl/shape,5.0,8.5,1,1,FALSE,FALSE,NULL
jit.gl.cone,円錐。3D円錐オブジェクト,jitter/gl/shape,5.0,8.5,1,1,FALSE,FALSE,NULL
jit.gl.cylinder,円柱。3D円柱オブジェクト,jitter/gl/shape,5.0,8.5,1,1,FALSE,FALSE,NULL
jit.gl.handle,3D操作ハンドル。オブジェクト変形用UIハンドル,jitter/gl/ui,5.0,8.5,1,1,TRUE,FALSE,NULL
jit.gl.hdr,HDRレンダリング。高ダイナミックレンジ画像処理,jitter/gl/render,6.0,8.5,1,1,FALSE,FALSE,NULL
jit.gl.graph,グラフ表示。3D空間でのデータ可視化,jitter/gl/visualization,6.0,8.5,1,1,FALSE,FALSE,NULL
jit.gl.nurbs,NURBSサーフェス。スプライン曲面,jitter/gl/shape,6.0,8.5,1,1,FALSE,FALSE,NULL
jit.gl.brain,脳波データ可視化。EEGデータの3D表示,jitter/gl/visualization,6.0,8.5,1,1,FALSE,FALSE,NULL
cv.jit.centroids,重心検出。ビデオ内のブロブの中心点検出,cv.jit/analysis,6.0,8.5,1,2,FALSE,FALSE,NULL
cv.jit.blobs.moments,ブロブモーメント解析。形状特性の計算,cv.jit/analysis,6.0,8.5,1,3,FALSE,FALSE,NULL
cv.jit.face.tracking,顔トラッキング。ビデオ内の顔検出と追跡,cv.jit/tracking,7.0,8.5,1,3,FALSE,FALSE,NULL
cv.jit.optical.flow,オプティカルフロー。動きベクトル検出,cv.jit/tracking,6.0,8.5,1,1,FALSE,FALSE,NULL
cv.jit.contours,輪郭検出。エッジ検出と輪郭抽出,cv.jit/analysis,6.0,8.5,1,2,FALSE,FALSE,NULL
cv.jit.track,オブジェクトトラッキング。特定領域の動き追跡,cv.jit/tracking,6.0,8.5,1,3,FALSE,FALSE,NULL
cv.jit.orientation,方向検出。物体の向きの推定,cv.jit/analysis,6.0,8.5,1,2,FALSE,FALSE,NULL
cv.jit.features,特徴点検出。画像内の顕著な特徴点抽出,cv.jit/analysis,6.0,8.5,1,2,FALSE,FALSE,NULL
cv.jit.touches,タッチポイント検出。マルチタッチ検出,cv.jit/tracking,7.0,8.5,1,3,FALSE,FALSE,NULL
cv.jit.keypoints,キーポイント検出。特徴点の検出と追跡,cv.jit/tracking,7.0,8.5,1,2,FALSE,FALSE,NULL
mlmat.regression,機械学習回帰。数値予測モデル,mlmat/ml,8.0,8.5,1,2,FALSE,FALSE,NULL
mlmat.classify,機械学習分類。カテゴリー予測モデル,mlmat/ml,8.0,8.5,1,2,FALSE,FALSE,NULL
mlmat.pca,主成分分析。次元圧縮と特徴抽出,mlmat/statistics,8.0,8.5,1,2,FALSE,FALSE,NULL
mlmat.som,自己組織化マップ。教師なし学習と視覚化,mlmat/ml,8.0,8.5,1,2,FALSE,FALSE,NULL
mlmat.load,機械学習モデルロード。保存済みモデル読み込み,mlmat/utilities,8.0,8.5,1,1,FALSE,FALSE,NULL
mlmat.save,機械学習モデル保存。トレーニング済みモデル保存,mlmat/utilities,8.0,8.5,1,0,FALSE,FALSE,NULL
fluid.kmeans~,k平均クラスタリング。データの自動グループ化,ml.lib/ml,8.0,8.5,1,2,FALSE,FALSE,NULL
fluid.spectralshape~,スペクトル形状解析。音声特性の抽出,ml.lib/analysis,8.0,8.5,1,7,FALSE,FALSE,NULL
fluid.bufcompose~,バッファ合成。複数バッファからデータ構築,ml.lib/buffer,8.0,8.5,3,1,FALSE,FALSE,NULL
fluid.plotter~,データプロット。分析結果の可視化,ml.lib/visualization,8.0,8.5,3,0,TRUE,FALSE,NULL
fluid.pitch~,ピッチ検出。音声の基本周波数推定,ml.lib/analysis,8.0,8.5,1,2,FALSE,FALSE,NULL
fluid.loudness~,ラウドネス測定。知覚的音量の測定,ml.lib/analysis,8.0,8.5,1,2,FALSE,FALSE,NULL
fluid.transients~,トランジェント検出。急激な音量変化の検出,ml.lib/analysis,8.0,8.5,1,2,FALSE,FALSE,NULL
mubu.knn,K近傍法。類似データポイントの検索,mubu/ml,7.0,8.5,1,1,FALSE,FALSE,NULL
mubu.hhmm,階層的隠れマルコフモデル。時系列パターン認識,mubu/ml,7.0,8.5,1,2,FALSE,FALSE,NULL
mubu.concat,連結合成。類似セグメントによる再合成,mubu/synthesis,7.0,8.5,2,1,FALSE,FALSE,NULL
mubu.scatter,散布図。多次元データの2D可視化,mubu/visualization,7.0,8.5,1,0,TRUE,FALSE,NULL
mubu.gmm,混合ガウスモデル。確率密度推定,mubu/ml,7.0,8.5,1,2,FALSE,FALSE,NULL
bach.sieve,篩演算。数列生成の数学的手法,bach/math,6.0,8.5,1,1,FALSE,FALSE,NULL
bach.nth,N番目要素抽出。リストからの要素アクセス,bach/list,6.0,8.5,2,1,FALSE,FALSE,NULL
bach.transcribe,音楽転写。オーディオからの楽譜生成,bach/analysis,6.0,8.5,1,1,FALSE,FALSE,NULL
bach.quantize,音楽的量子化。タイミングの整列,bach/rhythm,6.0,8.5,1,1,FALSE,FALSE,NULL
bach.mirror,音楽的ミラーリング。音程や時間の反転,bach/transform,6.0,8.5,2,1,FALSE,FALSE,NULL
bach.constraints,制約解決。音楽的制約の適用と解決,bach/composition,6.0,8.5,2,1,FALSE,FALSE,NULL
jit.fft,2D高速フーリエ変換。空間周波数への変換,jitter/spectral,5.0,8.5,1,1,FALSE,FALSE,NULL
jit.ifft,2D逆高速フーリエ変換。周波数から空間への変換,jitter/spectral,5.0,8.5,1,1,FALSE,FALSE,NULL
jit.alphablend,アルファブレンディング。透明度に基づく合成,jitter/compositing,5.0,8.5,2,1,FALSE,FALSE,NULL
jit.rgb2hsl,RGB→HSL変換。色空間変換,jitter/color,5.0,8.5,1,1,FALSE,FALSE,NULL
jit.hsl2rgb,HSL→RGB変換。色空間変換,jitter/color,5.0,8.5,1,1,FALSE,FALSE,NULL
jit.rgb2luma,RGB→輝度変換。グレースケール変換,jitter/color,5.0,8.5,1,1,FALSE,FALSE,NULL
jit.scalebias,スケールとバイアス。値の範囲調整,jitter/math,5.0,8.5,1,1,FALSE,FALSE,NULL
jit.gl.shader.extract,シェーダーからデータ抽出。ピクセル情報の取得,jitter/gl/data,6.0,8.5,1,1,FALSE,FALSE,NULL
jit.gl.curvesurf,パラメトリック曲面。数式ベースの曲面生成,jitter/gl/shape,6.0,8.5,1,1,FALSE,FALSE,NULL
jit.gl.fence,フェンス形状。格子状の3Dオブジェクト,jitter/gl/shape,6.0,8.5,1,1,FALSE,FALSE,NULL
jit.gl.gridshape,グリッド状プリミティブ。基本的な3D形状の格子,jitter/gl/shape,5.0,8.5,1,1,FALSE,FALSE,NULL
jit.gl.handle,トランスフォームハンドル。3D空間での操作UI,jitter/gl/ui,5.0,8.5,1,1,TRUE,FALSE,NULL
jit.gl.sketch,スケッチインターフェース。OpenGLでの描画UI,jitter/gl/ui,5.0,8.5,1,1,TRUE,FALSE,NULL
jit.gl.path,3Dパス描画。曲線の描画,jitter/gl/drawing,6.0,8.5,1,1,FALSE,FALSE,NULL
jit.gl.normal,法線計算。3Dメッシュの法線ベクトル生成,jitter/gl/data,5.0,8.5,1,1,FALSE,FALSE,NULL
jit.gl.lua,Luaスクリプト実行。OpenGLコンテキスト内でのスクリプト,jitter/gl/scripting,6.0,8.5,1,1,FALSE,FALSE,NULL
jit.gl.syphonclient,Syphonクライアント。アプリ間テクスチャ共有,jitter/gl/interop,6.0,8.5,1,1,FALSE,FALSE,NULL
jit.gl.syphonserver,Syphonサーバー。アプリ間テクスチャ提供,jitter/gl/interop,6.0,8.5,1,0,FALSE,FALSE,NULL
jit.gen.quant,数値量子化。連続値の離散化,jitter/gen,6.0,8.5,1,1,FALSE,FALSE,NULL
jit.phys.ghost,物理的ゴースト。物理シミュレーション内の不可視対象,jitter/physics,6.0,8.5,1,1,FALSE,FALSE,NULL
jit.phys.hinge,ヒンジ結合。物理オブジェクト間の回転接続,jitter/physics,6.0,8.5,2,1,FALSE,FALSE,NULL
jit.phys.picker,物理オブジェクト選択。物理世界での対象選択,jitter/physics/ui,6.0,8.5,1,2,FALSE,FALSE,NULL
jit.gl.graph,グラフ描画。3D空間でのデータ可視化,jitter/gl/visualization,6.0,8.5,1,1,FALSE,FALSE,NULL
jit.keyscreen,クロマキー。色に基づく透明化処理,jitter/keying,5.0,8.5,1,1,FALSE,FALSE,NULL
jit.eclipse,円形マスク。円形の透明化パターン,jitter/mask,5.0,8.5,1,1,FALSE,FALSE,NULL
jit.force,力場シミュレーション。パーティクルへの力の作用,jitter/physics,5.0,8.5,1,1,FALSE,FALSE,NULL
jit.flow,オプティカルフロー。動きベクトル計算,jitter/analysis,5.0,8.5,1,1,FALSE,FALSE,NULL
jit.map,座標マッピング。テクスチャ座標の変換,jitter/mapping,5.0,8.5,1,1,FALSE,FALSE,NULL
jit.str.fromsymbol,シンボルから文字列変換。シンボルデータの分解,jitter/string,5.0,8.5,1,1,FALSE,FALSE,NULL
jit.str.tosymbol,文字列からシンボル変換。文字列データの結合,jitter/string,5.0,8.5,1,1,FALSE,FALSE,NULL
rtcmix~,RTCMix音楽言語。スコアベースの音楽生成,audio/synthesis,6.0,8.5,1,2,FALSE,FALSE,NULL
sinusoids~,正弦波加算合成。倍音構造の音響合成,audio/synthesis,5.0,8.5,3,1,FALSE,FALSE,NULL
resonators~,共鳴モデル。物理的共鳴の模擬,audio/physical,5.0,8.5,2,1,FALSE,FALSE,NULL
sigmund~,ピッチ・振幅追跡。基本周波数検出,audio/analysis,5.0,8.5,1,4,FALSE,FALSE,NULL
fiddle~,ピッチ検出。音高推定アルゴリズム,audio/analysis,4.0,8.5,1,2,FALSE,FALSE,NULL
phasevocoder~,位相ボコーダー。スペクトル処理ツール,audio/spectral,5.0,8.5,2,1,FALSE,FALSE,NULL
rezer~,再合成。周波数領域での音響加工,audio/spectral,5.0,8.5,1,1,FALSE,FALSE,NULL
buffet~,高度なバッファ操作。複数バッファの管理,audio/buffer,6.0,8.5,1,1,FALSE,FALSE,NULL
ezadc~,イージーオーディオ入力。シンプルなオーディオ取り込み,audio/io,4.0,8.5,0,2,FALSE,FALSE,NULL
ezdac~,イージーオーディオ出力。シンプルなオーディオ出力,audio/io,4.0,8.5,2,0,FALSE,FALSE,NULL
freqtweak~,スペクトル処理。周波数領域でのフィルタリング,audio/spectral,5.0,8.5,1,1,FALSE,FALSE,NULL
gigaverb~,ギガバーブ。高品質なリバーブエフェクト,audio/reverb,5.0,8.5,2,2,FALSE,FALSE,NULL
granubuf~,グラニュラー合成。バッファーからのグレイン生成,audio/granular,6.0,8.5,1,1,FALSE,FALSE,NULL
grainbang~,粒状音源生成。バング駆動のグレイン生成,audio/granular,6.0,8.5,1,1,FALSE,FALSE,NULL
harmonics~,ハーモニクス生成。倍音構造の制御,audio/synthesis,5.0,8.5,2,1,FALSE,FALSE,NULL
morphfilter~,モーフィングフィルター。複数フィルター間の補間,audio/filter,6.0,8.5,2,1,FALSE,FALSE,NULL
peakamp~,ピーク振幅検出。信号の最大振幅測定,audio/analysis,4.0,8.5,1,1,FALSE,FALSE,NULL
zerox~,ゼロクロッシング検出。信号の極性変化検出,audio/analysis,4.0,8.5,1,1,FALSE,FALSE,NULL
sfplay~,サウンドファイル再生。オーディオファイル再生,audio/playback,4.0,8.5,1,2,FALSE,FALSE,NULL
sfrecord~,サウンドファイル録音。オーディオファイル記録,audio/record,4.0,8.5,2,0,FALSE,FALSE,NULL
waveform~,波形表示。オーディオシグナルの波形描画,audio/ui,4.0,8.5,1,0,TRUE,FALSE,NULL
spectroscope~,スペクトル表示。周波数スペクトルの可視化,audio/ui,4.0,8.5,1,0,TRUE,FALSE,NULL
analyzer~,スペクトル解析。FFTベースのスペクトル分析,audio/analysis,5.0,8.5,1,2,FALSE,FALSE,NULL
chucker~,オーディオ断片化。音声シャッフルエフェクト,audio/effects,5.0,8.5,2,1,FALSE,FALSE,NULL
teeth~,歯車波形。非線形波形発生,audio/synthesis,5.0,8.5,1,1,FALSE,FALSE,NULL
tap.shift~,ピッチシフト。音高変更エフェクト,audio/pitch,6.0,8.5,2,1,FALSE,FALSE,NULL
tap.verb~,リバーブエフェクト。残響効果,audio/reverb,6.0,8.5,2,2,FALSE,FALSE,NULL
blotar~,ブローターモデル。物理モデリング楽器,audio/physical,5.0,8.5,1,1,FALSE,FALSE,NULL
bowed~,擦弦楽器モデル。バイオリン系物理モデリング,audio/physical,5.0,8.5,1,1,FALSE,FALSE,NULL
marimba~,マリンバモデル。打楽器物理モデリング,audio/physical,5.0,8.5,1,1,FALSE,FALSE,NULL
sitar~,シタールモデル。弦楽器物理モデリング,audio/physical,5.0,8.5,1,1,FALSE,FALSE,NULL
collision~,衝突モデル。物理的衝突の音響モデル,audio/physical,6.0,8.5,2,1,FALSE,FALSE,NULL
simpwave~,波形表。単純な波形発生器,audio/synthesis,4.0,8.5,2,1,FALSE,FALSE,NULL
partconv~,パーティションコンボリューション。効率的な畳み込み,audio/convolution,6.0,8.5,2,1,FALSE,FALSE,NULL
quadpan~,四方向パンニング。空間的なサウンド配置,audio/spatialization,5.0,8.5,5,4,FALSE,FALSE,NULL
rewire~,ReWire接続。DAWとの同期接続,audio/daw,5.0,8.5,2,2,FALSE,FALSE,NULL
rtout~,リアルタイム出力。同期外オーディオ出力,audio/io,4.0,8.5,1,0,FALSE,FALSE,NULL
rtin~,リアルタイム入力。同期外オーディオ入力,audio/io,4.0,8.5,1,1,FALSE,FALSE,NULL
vectral~,ベクトルシンセシス。ベクトルベースの音響合成,audio/synthesis,6.0,8.5,3,1,FALSE,FALSE,NULL
yafr2~,リバーブ。残響効果,audio/effects,4.0,8.5,2,2,FALSE,FALSE,NULL
allpass~,オールパスフィルター。位相特性のみを変更,audio/filter,4.0,8.5,2,1,FALSE,FALSE,NULL
pong~,信号リミッター。範囲制限とバウンド効果,audio/dynamics,4.0,8.5,3,1,FALSE,FALSE,NULL
sah~,サンプル&ホールド。信号のステップ化,audio/sample,4.0,8.5,2,1,FALSE,FALSE,NULL
lookup~,テーブルルックアップ。波形歪みエフェクト,audio/waveshaping,4.0,8.5,2,1,FALSE,FALSE,NULL
minimum~,最小値選択。複数入力からの最小値選択,audio/utility,4.0,8.5,2,1,FALSE,FALSE,NULL
maximum~,最大値選択。複数入力からの最大値選択,audio/utility,4.0,8.5,2,1,FALSE,FALSE,NULL
feed~,フィードバック回路。自己フィードバック処理,audio/feedback,7.0,8.5,1,1,FALSE,FALSE,NULL
elastic~,エラスティック時間伸縮。タイムストレッチ処理,audio/time,7.0,8.5,1,1,FALSE,FALSE,NULL
meshwarp,メッシュワープ。格子ベースの画像変形,ui/transform,5.0,8.5,1,1,TRUE,FALSE,NULL
nodes,ノードエディター。接続可能なノードUI,ui/patching,6.0,8.5,1,1,TRUE,FALSE,NULL
lh.elasticx,弾性スライダー。物理的挙動のスライダーUI,ui/physics,6.0,8.5,1,1,TRUE,FALSE,NULL
zoomview,ズーム可能ビュー。拡大縮小可能な表示領域,ui/visualization,6.0,8.5,1,1,TRUE,FALSE,NULL
colorwheel,カラーホイール。色選択インターフェース,ui/color,6.0,8.5,1,1,TRUE,FALSE,NULL
colorpicker,カラーピッカー。色選択ダイアログ,ui/color,6.0,8.5,1,1,TRUE,FALSE,NULL
multitoggle,複数トグル。格子状のスイッチ配列,ui/control,4.0,8.5,1,1,TRUE,FALSE,NULL
hslider,水平スライダー。横方向の値調整,ui/control,4.0,8.5,1,1,TRUE,FALSE,NULL
vslider,垂直スライダー。縦方向の値調整,ui/control,4.0,8.5,1,1,TRUE,FALSE,NULL
ubutton,透明ボタン。クリック検出エリア,ui/control,4.0,8.5,1,1,TRUE,FALSE,NULL
pictctrl,画像付きコントロール。カスタム外観のボタン,ui/control,4.0,8.5,1,1,TRUE,FALSE,NULL
lcd,カスタム描画領域。グラフィック描画用キャンバス,ui/drawing,4.0,8.5,1,0,TRUE,TRUE,jit.mgraphics
filtergraph~,フィルター応答グラフ。周波数特性表示,audio/ui,5.0,8.5,1,1,TRUE,FALSE,NULL
ezadc~,イージーオーディオ入力。シンプルなオーディオ入力,audio/io,4.0,8.5,0,2,FALSE,FALSE,NULL
ezdac~,イージーオーディオ出力。シンプルなオーディオ出力,audio/io,4.0,8.5,2,0,FALSE,FALSE,NULL
bcf2000,BCF2000コントローラーインターフェース。MIDIコントローラー連携,controller/midi,5.0,8.5,1,1,FALSE,TRUE,NULL
mikro,Mikro MK2コントローラーインターフェース。NI機器連携,controller/midi,6.0,8.5,1,1,FALSE,FALSE,NULL
o.pack,OSCメッセージパック。OpenSoundControlデータ構築,osc,6.0,8.5,9,1,FALSE,FALSE,NULL
o.route,OSCメッセージルーティング。OSCアドレス振り分け,osc,6.0,8.5,1,9,FALSE,FALSE,NULL
o.display,OSC可視化。OSCメッセージの表示,osc/ui,6.0,8.5,1,0,TRUE,FALSE,NULL
o.compose,OSC構成エディター。OSCメッセージの編集UI,osc/ui,6.0,8.5,1,1,TRUE,FALSE,NULL
xray~,シグナルプローブ。DSPシグナルチェーン監視,audio/debug,6.0,8.5,1,1,FALSE,FALSE,NULL
chebyshape~,チェビシェフ波形整形。非線形波形変換,audio/waveshaping,5.0,8.5,2,1,FALSE,FALSE,NULL
buffir~,バッファベースFIRフィルタ。インパルス応答フィルタリング,audio/filter,5.0,8.5,2,1,FALSE,FALSE,NULL
vocoder~,ボコーダー。声質変換エフェクト,audio/effects,5.0,8.5,2,1,FALSE,FALSE,NULL
dynamicdsp~,動的DSPネットワーク。実行時に変更可能なDSPチェーン,audio/patching,6.0,8.5,1,1,FALSE,FALSE,NULL
sfizz~,SFZ音源プレーヤー。SFZフォーマットのサンプル再生,audio/sampler,7.0,8.5,2,2,FALSE,FALSE,NULL
lores~,ローパスレゾナントフィルター。カットオフと共鳴のコントロール,audio/filter,4.0,8.5,3,1,FALSE,FALSE,NULL
polybuffer~,複数バッファ管理。サンプルコレクション管理,audio/buffer,6.0,8.5,1,1,FALSE,FALSE,NULL
wave~,波形表示。バッファ内容の視覚化,audio/ui,4.0,8.5,1,0,TRUE,FALSE,NULL
adoutput~,オーディオ出力割り当て。柔軟なチャネルルーティング,audio/io,6.0,8.5,16,0,FALSE,FALSE,NULL
adinput~,オーディオ入力割り当て。柔軟なチャネルルーティング,audio/io,6.0,8.5,1,16,FALSE,FALSE,NULL
buffet~,バッファユーティリティー。バッファ操作機能集,audio/buffer,6.0,8.5,1,1,FALSE,FALSE,NULL
concat~,音声連結。バッファからの連続再合成,audio/sampling,6.0,8.5,2,1,FALSE,FALSE,NULL
multiconvolve~,マルチチャンネルコンボリューション。複数IRでの畳み込み,audio/convolution,6.0,8.5,2,2,FALSE,FALSE,NULL
xgroove~,拡張グルーブプレーヤー。高度なバッファ再生,audio/playback,6.0,8.5,2,2,FALSE,FALSE,NULL
dx7~,DX7エミュレーション。FMシンセシス,audio/synthesis,6.0,8.5,2,1,FALSE,FALSE,NULL
adsr~,エンベロープジェネレーター。アタック/ディケイ/サステイン/リリース,audio/envelope,4.0,8.5,5,1,FALSE,FALSE,NULL
function~,マルチポイントエンベロープ。任意形状のエンベロープ,audio/envelope,5.0,8.5,1,1,FALSE,FALSE,NULL
techno~,テクノビートジェネレーター。リズムパターン生成,audio/rhythm,4.0,8.5,1,1,FALSE,FALSE,NULL
bpatcher,パッチャー埋め込み。サブパッチをUIとして埋め込み,ui/patching,4.0,8.5,0,0,TRUE,FALSE,NULL
zplane~,Z平面フィルター設計。ポール/ゼロ配置によるフィルター,audio/filter,6.0,8.5,1,1,FALSE,FALSE,NULL
svoice~,声質変換エンジン。ボーカルプロセッサー,audio/voice,7.0,8.5,2,1,FALSE,FALSE,NULL
vimic~,バーチャルマイク。空間音響シミュレーション,audio/spatial,6.0,8.5,2,8,FALSE,FALSE,NULL
csound~,Csoundエンジン。Csoundコードの実行,audio/external,5.0,8.5,1,2,FALSE,FALSE,NULL
gizmo~,スペクトル処理ユーティリティー。実験的スペクトル加工,audio/spectral,5.0,8.5,1,1,FALSE,FALSE,NULL
globaltransport,グローバルトランスポート。セッション全体のテンポと位置管理,timing/transport,6.0,8.5,9,9,FALSE,FALSE,NULL
aka.bookmotion,物理ベースアニメーション。ページめくりエフェクト,ui/animation,6.0,8.5,1,0,TRUE,FALSE,NULL
aka.wiiremote,Wiiリモコンインターフェース。Wiiコントローラー連携,controller/hardware,6.0,8.5,1,3,FALSE,FALSE,NULL
asyncwrite~,非同期ファイル書き込み。パフォーマンスを妨げないディスク書き込み,audio/file,6.0,8.5,9,0,FALSE,FALSE,NULL
audio.bundler,オーディオバンドル作成。パッケージ化されたオーディオ処理,audio/patching,7.0,8.5,9,9,FALSE,FALSE,NULL
colorpicker,カラーピッカーUI。色選択インターフェース,ui/color,5.0,8.5,1,1,TRUE,FALSE,NULL
crosspatch~,動的オーディオルーティング。柔軟なシグナルルーティングマトリックス,audio/routing,6.0,8.5,9,9,FALSE,FALSE,NULL
data-mxd,データセット管理。多次元データの格納と操作,data,6.0,8.5,1,1,FALSE,FALSE,NULL
dmr.boids,ボイドシミュレーション。群れ行動モデル,ui/simulation,6.0,8.5,1,1,TRUE,FALSE,NULL
dmr.model,3Dモデルローダー。OBJファイル表示,3d/import,6.0,8.5,1,0,TRUE,FALSE,NULL
ejies.badge,インフォメーションバッジ。パッチ内の注釈表示,ui/annotation,5.0,8.5,1,0,TRUE,FALSE,NULL
ejies.lslider,リンクスライダー。連動するスライダーUI,ui/control,5.0,8.5,1,2,TRUE,FALSE,NULL
filterdesign,フィルター設計ツール。デジタルフィルターの設計と可視化,audio/filter/design,5.0,8.5,1,1,FALSE,FALSE,NULL
fluidsynth~,FluidSynthエンジン。SoundFont2ファイル再生,audio/synthesis,6.0,8.5,2,2,FALSE,FALSE,NULL
fs.mapcollection,マップコレクション。自己組織化マップの集合,ml/visualization,7.0,8.5,1,1,FALSE,FALSE,NULL
fs.mapcreate,マップ作成。自己組織化マップの生成,ml/training,7.0,8.5,1,1,FALSE,FALSE,NULL
ht.sl.drawline,描画ライン。スタイル付きライン描画,ui/drawing,6.0,8.5,1,0,TRUE,FALSE,NULL
j.hub,Jamoma管理ハブ。モジュラーシステム管理,jamoma/system,6.0,8.5,1,1,FALSE,FALSE,NULL
j.in,Jamomaモジュール入力。モジュール間通信,jamoma/io,6.0,8.5,1,1,FALSE,FALSE,NULL
j.out,Jamomaモジュール出力。モジュール間通信,jamoma/io,6.0,8.5,1,1,FALSE,FALSE,NULL
j.parameter,Jamomaパラメーター。モジュールパラメーター宣言,jamoma/parameter,6.0,8.5,1,1,FALSE,FALSE,NULL
jg.pi.maxpat,パイ計算デモ。数学的近似アルゴリズム,math/example,5.0,8.5,1,1,FALSE,FALSE,NULL
jit.eclipse,円形マスク生成。円形の透明マスク,jitter/shape,5.0,8.5,1,1,FALSE,FALSE,NULL
jit.fluoride,流体シミュレーション。ビジュアル流体効果,jitter/simulation,5.0,8.5,1,1,FALSE,FALSE,NULL
jit.gl.handle,3D操作ハンドル。オブジェクト変形UI,jitter/gl/ui,5.0,8.5,1,1,TRUE,FALSE,NULL
jit.gl.isosurf,等値面抽出。ボリュームデータからの表面生成,jitter/gl/visualization,6.0,8.5,1,1,FALSE,FALSE,NULL
jit.gl.oscope,オシロスコープ表示。3D空間での波形表示,jitter/gl/visualization,6.0,8.5,1,0,TRUE,FALSE,NULL
jit.gl.plato,プラトン立体。正多面体生成,jitter/gl/shape,5.0,8.5,1,1,FALSE,FALSE,NULL
jit.gl.slab,GPUシェーダーステージ。マルチパスシェーダー処理,jitter/gl/shader,6.0,8.5,1,1,FALSE,FALSE,NULL
jit.graph,グラフ描画。2D数値データ可視化,jitter/visualization,5.0,8.5,1,1,FALSE,FALSE,NULL
jit.guill,ギロシェパターン。装飾的な幾何学模様,jitter/pattern,5.0,8.5,1,1,FALSE,FALSE,NULL
jit.linden,リンデンマイヤーシステム。L-system図形生成,jitter/generative,5.0,8.5,1,1,FALSE,FALSE,NULL
jit.lumakey,輝度ベースキーイング。明るさによる透明化,jitter/keying,5.0,8.5,1,1,FALSE,FALSE,NULL
jit.mo.join,モーションデータ結合。複数ソースの動きデータ統合,jitter/motion,6.0,8.5,2,1,FALSE,FALSE,NULL
jit.mo.time,モーション時間処理。動きデータの時間操作,jitter/motion,6.0,8.5,1,1,FALSE,FALSE,NULL
jit.pattern,パターン生成。ビジュアルパターン作成,jitter/gen,5.0,8.5,1,1,FALSE,FALSE,NULL
jit.unpack,マトリックスプレーン展開。多プレーンマトリックスの分解,jitter/structure,5.0,8.5,1,4,FALSE,FALSE,NULL
jit.uyvy2argb,UYVY→ARGB変換。ビデオフォーマット変換,jitter/color,5.0,8.5,1,1,FALSE,FALSE,NULL
jit.vcr,ビデオテープシミュレーション。VHSテープ風エフェクト,jitter/effects,5.0,8.5,1,1,FALSE,FALSE,NULL
jit.wake,渦巻きパターン。流体力学的な渦効果,jitter/fluid,5.0,8.5,1,1,FALSE,FALSE,NULL
jitter,Jitterコンポーネント統合。ビデオ/行列処理の基盤,jitter/core,5.0,8.5,1,1,FALSE,FALSE,NULL
max,Maxコンポーネント統合。メッセージ処理の基盤,max/core,4.0,8.5,1,1,FALSE,FALSE,NULL
maxcore,内部コア機能。システム低レベルアクセス,max/core,4.0,8.5,1,1,FALSE,FALSE,NULL
mfl.branch,MFL分岐制御。メタプログラミング制御構造,mfl/control,6.0,8.5,3,3,FALSE,FALSE,NULL
mlmat.gmm,混合ガウスモデル。確率密度推定,mlmat/ml,8.0,8.5,1,2,FALSE,FALSE,NULL
mlmat.knn,K近傍法。最近傍分類アルゴリズム,mlmat/ml,8.0,8.5,1,2,FALSE,FALSE,NULL
mlmat.peak,ピーク検出。データの局所最大値検出,mlmat/analysis,8.0,8.5,1,2,FALSE,FALSE,NULL
mlmat.plot,プロット表示。データの可視化,mlmat/visualization,8.0,8.5,1,0,TRUE,FALSE,NULL
mlmat.som,自己組織化マップ。次元削減と可視化,mlmat/ml,8.0,8.5,1,2,FALSE,FALSE,NULL
mlrmap,マッピング管理。入出力値の対応付け,mapping,6.0,8.5,1,1,FALSE,FALSE,NULL
mp.node,MobMuPlat連携ノード。モバイルアプリとの通信,mobile/ui,7.0,8.5,1,1,FALSE,FALSE,NULL
mpr.cv.ghost,輪郭ゴースト。動きの残像エフェクト,mpr/video,6.0,8.5,1,1,FALSE,FALSE,NULL
mpr.gan,GANインターフェース。敵対的生成ネットワーク制御,ml/gan,8.0,8.5,1,1,FALSE,FALSE,NULL
mpr.nn.mlp,多層パーセプトロン。ニューラルネットワークモデル,ml/nn,7.0,8.5,1,2,FALSE,FALSE,NULL
mpr.preprocessor,前処理ユーティリティー。機械学習データ準備,ml/preprocessing,7.0,8.5,1,1,FALSE,FALSE,NULL
mubu.concat~,連結合成。サンプルコンカチネイティブ合成,mubu/synthesis,7.0,8.5,2,1,FALSE,FALSE,NULL
mubu.hhmm,階層的隠れマルコフモデル。時系列モデリング,mubu/ml,7.0,8.5,1,2,FALSE,FALSE,NULL
mubu.knn,K近傍法。類似データポイント検索,mubu/ml,7.0,8.5,1,2,FALSE,FALSE,NULL
multiband_compressor~,マルチバンドコンプレッサー。周波数帯別ダイナミクス処理,audio/dynamics,6.0,8.5,1,1,FALSE,FALSE,NULL
nw.gverb~,幾何学的リバーブ。物理ベースの残響エフェクト,audio/reverb,6.0,8.5,1,2,FALSE,FALSE,NULL
nw.pulseosc~,パルスオシレーター。可変パルス幅の矩形波,audio/synthesis,6.0,8.5,2,1,FALSE,FALSE,NULL
nw.recordplus~,拡張録音機能。高度なオーディオ録音,audio/record,6.0,8.5,1,1,FALSE,FALSE,NULL
o.collect,OSCコレクション。OSCメッセージのグループ化,osc,6.0,8.5,9,1,FALSE,FALSE,NULL
o.compose,OSC作成インターフェース。OSC形式のデータ構築UI,osc/ui,6.0,8.5,1,1,TRUE,FALSE,NULL
o.display,OSC表示。OSCメッセージの可視化,osc/ui,6.0,8.5,1,0,TRUE,FALSE,NULL
o.explode,OSC分解。OSCバンドルを個別メッセージに分解,osc,6.0,8.5,1,1,FALSE,FALSE,NULL
ol.pong,ポンゲーム。クラシックなゲーム実装,game,6.0,8.5,1,0,TRUE,FALSE,NULL
peter.granulator~,ピーターグラニュレーター。グレイン合成エンジン,audio/granular,6.0,8.5,2,1,FALSE,FALSE,NULL
prc.alpha,プロジェクト管理。大規模パッチプロジェクト管理,utilities/project,6.0,8.5,1,1,FALSE,FALSE,NULL
sdt.break~,破砕音モデル。物理的破壊音の合成,audio/physical,7.0,8.5,1,1,FALSE,FALSE,NULL
sdt.friction~,摩擦音モデル。物理的摩擦音の合成,audio/physical,7.0,8.5,1,1,FALSE,FALSE,NULL
sdt.impact~,衝撃音モデル。物理的衝突音の合成,audio/physical,7.0,8.5,1,1,FALSE,FALSE,NULL
sdt.motor~,モーター音モデル。機械的回転音の合成,audio/physical,7.0,8.5,1,1,FALSE,FALSE,NULL
sg.solids,ソリッドジオメトリ。基本的な立体形状,ui/3d,6.0,8.5,1,1,TRUE,FALSE,NULL
SPAT5.viewer,空間音響可視化。3Dオーディオの視覚的表現,audio/spatial/ui,7.0,8.5,1,0,TRUE,FALSE,NULL
tap.delay.st~,ステレオディレイ。時間差エコーエフェクト,audio/delay,6.0,8.5,2,2,FALSE,FALSE,NULL
tap.limiter~,リミッター。オーディオピーク制限,audio/dynamics,6.0,8.5,1,1,FALSE,FALSE,NULL
tap.verb~,リバーブエフェクト。室内音響シミュレーション,audio/reverb,6.0,8.5,1,2,FALSE,FALSE,NULL
td.objects,TouchDesigner連携。TDとのデータ交換,integration/td,7.0,8.5,1,1,FALSE,FALSE,NULL
tl.reverb~,リバーブエフェクト。空間シミュレーション,audio/reverb,6.0,8.5,2,2,FALSE,FALSE,NULL
vz.fadr,VIZZIE信号ミキシング。ビデオミキサー,vizzie/mixing,6.0,8.5,3,1,FALSE,FALSE,NULL
vz.hpgl,VIZZIE高解像度。高品質グラフィック生成,vizzie/graphics,6.0,8.5,1,1,FALSE,FALSE,NULL
vz.movie,VIZZIEムービープレーヤー。ビデオファイル再生,vizzie/playback,6.0,8.5,1,1,FALSE,FALSE,NULL
vz.startr,VIZZIE制御パネル。Vizzieパッチの中央制御,vizzie/control,6.0,8.5,0,1,TRUE,FALSE,NULL
vz.twistr,VIZZIE効果制御。エフェクトパラメータ操作,vizzie/effect,6.0,8.5,1,1,TRUE,FALSE,NULL
vz.viewr,VIZZIEビューア。ビデオ出力表示,vizzie/playback,6.0,8.5,1,0,TRUE,FALSE,NULL
vz.xfadr,VIZZIEクロスフェーダー。2つのソース間のブレンド,vizzie/mixing,6.0,8.5,3,1,FALSE,FALSE,NULL
widget,ウィジェットプロトタイピング。UIコンポーネント開発,ui/dev,7.0,8.5,1,1,TRUE,FALSE,NULL
xsample~,拡張サンプルプレーヤー。高度なサンプル再生,audio/sample,6.0,8.5,2,1,FALSE,FALSE,NULL
min.buffer.index~,バッファインデックス参照。サンプル位置でのバッファ値アクセス,min/audio/buffer,7.0,8.5,2,1,FALSE,FALSE,NULL
min.buffer.loop~,バッファループ再生。ループ可能なバッファ再生,min/audio/buffer,7.0,8.5,2,1,FALSE,FALSE,NULL
min.convolve,コンボリューション演算。信号畳み込み処理,min/math,7.0,8.5,2,1,FALSE,FALSE,NULL
min.dict.join,辞書結合。複数の辞書オブジェクトを統合,min/dict,7.0,8.5,2,1,FALSE,FALSE,NULL
min.edge~,エッジ検出器。信号遷移（ゼロクロッシング）検出,min/audio/analysis,7.0,8.5,1,1,FALSE,FALSE,NULL
min.edgelow~,エッジ(低)検出器。下降方向のエッジ検出,min/audio/analysis,7.0,8.5,1,1,FALSE,FALSE,NULL
min.environment,環境情報取得。パッチ環境の情報参照,min/utilities,7.0,8.5,1,1,FALSE,FALSE,NULL
min.list.process,リスト処理。リスト要素の様々な加工,min/list,7.0,8.5,2,1,FALSE,FALSE,NULL
min.meter~,レベルメーター。オーディオ信号レベルの視覚化,min/audio/ui,7.0,8.5,1,0,TRUE,FALSE,NULL
min.multitouch,マルチタッチハンドリング。複数タッチポイントの処理,min/ui/touch,7.0,8.5,1,1,FALSE,FALSE,NULL
min.note.make,MIDIノート生成。MIDI形式の音符情報作成,min/midi,7.0,8.5,1,1,FALSE,FALSE,NULL
min.patcher.control,パッチャーコントロール。外部パッチャーの操作,min/patching,7.0,8.5,1,1,FALSE,FALSE,NULL
min.phasor~,位相発振器。循環位相信号生成,min/audio/oscillator,7.0,8.5,2,1,FALSE,FALSE,NULL
min.textslider,文字付きスライダー。ラベル表示のあるスライダーUI,min/ui,7.0,8.5,1,1,TRUE,FALSE,NULL
min.threadcheck,スレッド状態確認。実行スレッドのチェック,min/utilities,7.0,8.5,1,1,FALSE,FALSE,NULL
min.xfade~,クロスフェード。複数信号間のブレンド,min/audio/mixing,7.0,8.5,3,1,FALSE,FALSE,NULL
min.markdown,マークダウン表示。マークダウン形式のテキスト表示,min/text,7.0,8.5,1,0,TRUE,FALSE,NULL
min.pi,π値出力。円周率を出力,min/math,7.0,8.5,1,1,FALSE,FALSE,NULL
min.project,プロジェクト情報。現在のプロジェクト詳細,min/utilities,7.0,8.5,1,1,FALSE,FALSE,NULL